{
  "step": "preprocess",
  "notebook": "02_preprocessing.ipynb",
  "qc_results": {
    "original_n": 23679,
    "final_n": 23647,
    "excluded_n": 32,
    "exclusion_reasons": [
      "응답 부족 (10개 미만)",
      "Straight-lining 패턴"
    ]
  },
  "total_respondents": 23647,
  "scales": {
    "NEO_Openness": {
      "N": 23399,
      "Mean": 4.308111077601652,
      "SD": 0.8267222600558468
    },
    "NEO_Conscientiousness": {
      "N": 23417,
      "Mean": 4.233400413999088,
      "SD": 0.855028977835283
    },
    "NEO_Extraversion": {
      "N": 23357,
      "Mean": 3.8681385263851626,
      "SD": 0.9222052892971438
    },
    "NEO_Agreeableness": {
      "N": 23437,
      "Mean": 4.2250832569666565,
      "SD": 0.8155063222508362
    },
    "NEO_Neuroticism": {
      "N": 23371,
      "Mean": 3.3548073940451757,
      "SD": 0.9791732726648366
    },
    "Ideology": {
      "N": 11825,
      "Mean": 0.033001875298603295,
      "SD": 0.9690694346552329
    },
    "Honesty_Humility": {
      "N": 12828,
      "Mean": -0.0028980312358740145,
      "SD": 0.7274062339644078
    }
  },
  "columns": [
    "RID",
    "NEO_Openness",
    "NEO_Conscientiousness",
    "NEO_Extraversion",
    "NEO_Agreeableness",
    "NEO_Neuroticism",
    "MPQ_Traditionalism",
    "NEO_Liberalism",
    "Ideology",
    "NEO_Morality",
    "NEO_Modesty",
    "HEXACO_H",
    "Honesty_Humility"
  ]
}